value,source_id,notes_ids,iso3,Country__ESTANDAR,Years__ESTANDAR
1.09,77,,BRB,Barbados,2004
2.27,77,,BLZ,Belize,2004
1.09,77,,BOL,Bolivia (Plurinational State of),2004
2.27,77,,BRA,Brazil,2004
1.09,77,,CHL,Chile,2004
2.27,77,,COL,Colombia,2004
1.09,77,,CRI,Costa Rica,2004
2.27,77,,CUB,Cuba,2004
1.09,77,,DOM,Dominican Republic,2004
2.27,77,,ECU,Ecuador,2004
1.09,77,,SLV,El Salvador,2004
2.27,77,,GUY,Guyana,2004
1.09,77,,HTI,Haiti,2004
1.34,77,,,Caribbean,2000
2.33,77,,,Latin America,2000
1.26,77,,,Caribbean,2001
2.29,77,,,Latin America,2001
1.18,77,,,Caribbean,2002
2.27,77,,,Latin America,2002
1.13,77,,,Caribbean,2003
2.28,77,,,Latin America,2003
1.09,77,,,Caribbean,2004
2.27,77,,,Latin America,2004
1.1,77,,,Caribbean,2005
2.25,77,,,Latin America,2005
1.14,77,,,Caribbean,2006
2.28,77,,,Latin America,2006
1.19,77,,,Caribbean,2007
2.31,77,,,Latin America,2007
1.26,77,,,Caribbean,2008
2.24,77,,,Latin America,2008
1.36,77,,,Caribbean,2009
2.19,77,,,Latin America,2009
1.32,77,,,Caribbean,2010
2.24,77,,,Latin America,2010
1.36,77,,,Caribbean,2011
2.25,77,,,Latin America,2011
1.38,77,,,Caribbean,2012
2.23,77,,,Latin America,2012
1.45,77,,,Caribbean,2013
2.23,77,,,Latin America,2013
1.51,77,,,Caribbean,2014
2.21,77,,,Latin America,2014
1.56,77,,,Caribbean,2015
2.27,77,,,Latin America,2015
1.55,77,,,Caribbean,2016
2.36,77,,,Latin America,2016
1.66,77,,,Caribbean,2017
2.37,77,,,Latin America,2017
1.83,77,,,Caribbean,2018
2.35,77,,,Latin America,2018
1.95,77,,,Caribbean,2019
2.43,77,,,Latin America,2019
2.0,77,,,Caribbean,2020
2.49,77,,,Latin America,2020
1.96,77,,,Caribbean,2021
2.48,77,,,Latin America,2021
2.01,77,,,Caribbean,2022
2.58,77,,,Latin America,2022
1.34,77,,ARG,Argentina,2000
2.33,77,,BHS,Bahamas,2000
1.34,77,,BRB,Barbados,2000
2.33,77,,BLZ,Belize,2000
1.34,77,,BOL,Bolivia (Plurinational State of),2000
2.33,77,,BRA,Brazil,2000
1.34,77,,CHL,Chile,2000
2.33,77,,COL,Colombia,2000
1.34,77,,CRI,Costa Rica,2000
2.33,77,,CUB,Cuba,2000
1.34,77,,DOM,Dominican Republic,2000
2.33,77,,ECU,Ecuador,2000
1.34,77,,SLV,El Salvador,2000
2.33,77,,GUY,Guyana,2000
1.34,77,,HTI,Haiti,2000
2.33,77,,HND,Honduras,2000
1.34,77,,JAM,Jamaica,2000
2.33,77,,MEX,Mexico,2000
1.34,77,,NIC,Nicaragua,2000
2.33,77,,PAN,Panama,2000
1.34,77,,PRY,Paraguay,2000
2.33,77,,PER,Peru,2000
1.34,77,,KNA,Saint Kitts and Nevis,2000
2.33,77,,LCA,Saint Lucia,2000
1.34,77,,SUR,Suriname,2000
2.33,77,,TTO,Trinidad and Tobago,2000
1.34,77,,URY,Uruguay,2000
2.33,77,,VEN,Venezuela (Bolivarian Republic of),2000
1.26,77,,ARG,Argentina,2001
2.29,77,,BHS,Bahamas,2001
1.26,77,,BRB,Barbados,2001
2.29,77,,BLZ,Belize,2001
1.26,77,,BOL,Bolivia (Plurinational State of),2001
2.29,77,,BRA,Brazil,2001
1.26,77,,CHL,Chile,2001
2.29,77,,COL,Colombia,2001
1.26,77,,CRI,Costa Rica,2001
2.29,77,,CUB,Cuba,2001
1.26,77,,DOM,Dominican Republic,2001
2.29,77,,ECU,Ecuador,2001
1.26,77,,SLV,El Salvador,2001
2.29,77,,GUY,Guyana,2001
1.26,77,,HTI,Haiti,2001
2.29,77,,HND,Honduras,2001
1.26,77,,JAM,Jamaica,2001
2.29,77,,MEX,Mexico,2001
1.26,77,,NIC,Nicaragua,2001
2.29,77,,PAN,Panama,2001
1.26,77,,PRY,Paraguay,2001
2.29,77,,PER,Peru,2001
1.26,77,,KNA,Saint Kitts and Nevis,2001
2.29,77,,LCA,Saint Lucia,2001
1.26,77,,SUR,Suriname,2001
2.29,77,,TTO,Trinidad and Tobago,2001
1.26,77,,URY,Uruguay,2001
2.29,77,,VEN,Venezuela (Bolivarian Republic of),2001
1.18,77,,ARG,Argentina,2002
2.27,77,,BHS,Bahamas,2002
1.18,77,,BRB,Barbados,2002
2.27,77,,BLZ,Belize,2002
1.18,77,,BOL,Bolivia (Plurinational State of),2002
2.27,77,,BRA,Brazil,2002
1.18,77,,CHL,Chile,2002
2.27,77,,COL,Colombia,2002
1.18,77,,CRI,Costa Rica,2002
2.27,77,,CUB,Cuba,2002
1.18,77,,DOM,Dominican Republic,2002
2.27,77,,ECU,Ecuador,2002
1.18,77,,SLV,El Salvador,2002
2.27,77,,GUY,Guyana,2002
1.18,77,,HTI,Haiti,2002
2.27,77,,HND,Honduras,2002
1.18,77,,JAM,Jamaica,2002
2.27,77,,MEX,Mexico,2002
1.18,77,,NIC,Nicaragua,2002
2.27,77,,PAN,Panama,2002
1.18,77,,PRY,Paraguay,2002
2.27,77,,PER,Peru,2002
1.18,77,,KNA,Saint Kitts and Nevis,2002
2.27,77,,LCA,Saint Lucia,2002
1.18,77,,SUR,Suriname,2002
2.27,77,,TTO,Trinidad and Tobago,2002
1.18,77,,URY,Uruguay,2002
2.27,77,,VEN,Venezuela (Bolivarian Republic of),2002
1.13,77,,ARG,Argentina,2003
2.28,77,,BHS,Bahamas,2003
1.13,77,,BRB,Barbados,2003
2.28,77,,BLZ,Belize,2003
1.13,77,,BOL,Bolivia (Plurinational State of),2003
2.28,77,,BRA,Brazil,2003
1.13,77,,CHL,Chile,2003
2.28,77,,COL,Colombia,2003
1.13,77,,CRI,Costa Rica,2003
2.28,77,,CUB,Cuba,2003
1.13,77,,DOM,Dominican Republic,2003
2.28,77,,ECU,Ecuador,2003
1.13,77,,SLV,El Salvador,2003
2.28,77,,GUY,Guyana,2003
1.13,77,,HTI,Haiti,2003
2.28,77,,HND,Honduras,2003
1.13,77,,JAM,Jamaica,2003
2.28,77,,MEX,Mexico,2003
1.13,77,,NIC,Nicaragua,2003
2.28,77,,PAN,Panama,2003
1.13,77,,PRY,Paraguay,2003
2.28,77,,PER,Peru,2003
1.13,77,,KNA,Saint Kitts and Nevis,2003
2.28,77,,LCA,Saint Lucia,2003
1.13,77,,SUR,Suriname,2003
2.28,77,,TTO,Trinidad and Tobago,2003
1.13,77,,URY,Uruguay,2003
2.28,77,,VEN,Venezuela (Bolivarian Republic of),2003
1.09,77,,ARG,Argentina,2004
2.27,77,,BHS,Bahamas,2004
2.24,77,,BRA,Brazil,2010
1.32,77,,CHL,Chile,2010
2.24,77,,COL,Colombia,2010
1.32,77,,CRI,Costa Rica,2010
2.24,77,,CUB,Cuba,2010
1.32,77,,DOM,Dominican Republic,2010
2.24,77,,ECU,Ecuador,2010
1.32,77,,SLV,El Salvador,2010
2.24,77,,GUY,Guyana,2010
1.32,77,,HTI,Haiti,2010
2.24,77,,HND,Honduras,2010
1.32,77,,JAM,Jamaica,2010
2.24,77,,MEX,Mexico,2010
1.32,77,,NIC,Nicaragua,2010
2.24,77,,PAN,Panama,2010
2.27,77,,HND,Honduras,2004
1.09,77,,JAM,Jamaica,2004
2.27,77,,MEX,Mexico,2004
1.09,77,,NIC,Nicaragua,2004
2.27,77,,PAN,Panama,2004
1.09,77,,PRY,Paraguay,2004
2.27,77,,PER,Peru,2004
1.09,77,,KNA,Saint Kitts and Nevis,2004
2.27,77,,LCA,Saint Lucia,2004
1.09,77,,SUR,Suriname,2004
2.27,77,,TTO,Trinidad and Tobago,2004
1.09,77,,URY,Uruguay,2004
2.27,77,,VEN,Venezuela (Bolivarian Republic of),2004
1.1,77,,ARG,Argentina,2005
2.25,77,,BHS,Bahamas,2005
1.1,77,,BRB,Barbados,2005
2.25,77,,BLZ,Belize,2005
1.1,77,,BOL,Bolivia (Plurinational State of),2005
2.25,77,,BRA,Brazil,2005
1.1,77,,CHL,Chile,2005
2.25,77,,COL,Colombia,2005
1.1,77,,CRI,Costa Rica,2005
2.25,77,,CUB,Cuba,2005
1.1,77,,DOM,Dominican Republic,2005
2.25,77,,ECU,Ecuador,2005
1.1,77,,SLV,El Salvador,2005
2.25,77,,GUY,Guyana,2005
1.1,77,,HTI,Haiti,2005
2.25,77,,HND,Honduras,2005
1.1,77,,JAM,Jamaica,2005
2.25,77,,MEX,Mexico,2005
1.1,77,,NIC,Nicaragua,2005
2.25,77,,PAN,Panama,2005
1.1,77,,PRY,Paraguay,2005
2.25,77,,PER,Peru,2005
1.1,77,,KNA,Saint Kitts and Nevis,2005
2.25,77,,LCA,Saint Lucia,2005
1.1,77,,SUR,Suriname,2005
2.25,77,,TTO,Trinidad and Tobago,2005
1.1,77,,URY,Uruguay,2005
2.25,77,,VEN,Venezuela (Bolivarian Republic of),2005
1.14,77,,ARG,Argentina,2006
2.28,77,,BHS,Bahamas,2006
1.14,77,,BRB,Barbados,2006
2.28,77,,BLZ,Belize,2006
1.14,77,,BOL,Bolivia (Plurinational State of),2006
2.28,77,,BRA,Brazil,2006
1.14,77,,CHL,Chile,2006
2.28,77,,COL,Colombia,2006
1.14,77,,CRI,Costa Rica,2006
2.28,77,,CUB,Cuba,2006
1.14,77,,DOM,Dominican Republic,2006
2.28,77,,ECU,Ecuador,2006
1.14,77,,SLV,El Salvador,2006
2.28,77,,GUY,Guyana,2006
1.14,77,,HTI,Haiti,2006
2.28,77,,HND,Honduras,2006
1.14,77,,JAM,Jamaica,2006
2.28,77,,MEX,Mexico,2006
1.14,77,,NIC,Nicaragua,2006
2.28,77,,PAN,Panama,2006
1.14,77,,PRY,Paraguay,2006
2.28,77,,PER,Peru,2006
1.14,77,,KNA,Saint Kitts and Nevis,2006
2.28,77,,LCA,Saint Lucia,2006
1.14,77,,SUR,Suriname,2006
2.28,77,,TTO,Trinidad and Tobago,2006
1.14,77,,URY,Uruguay,2006
2.28,77,,VEN,Venezuela (Bolivarian Republic of),2006
1.19,77,,ARG,Argentina,2007
2.31,77,,BHS,Bahamas,2007
1.19,77,,BRB,Barbados,2007
2.31,77,,BLZ,Belize,2007
1.19,77,,BOL,Bolivia (Plurinational State of),2007
2.31,77,,BRA,Brazil,2007
1.19,77,,CHL,Chile,2007
2.31,77,,COL,Colombia,2007
1.19,77,,CRI,Costa Rica,2007
2.31,77,,CUB,Cuba,2007
1.19,77,,DOM,Dominican Republic,2007
2.31,77,,ECU,Ecuador,2007
1.19,77,,SLV,El Salvador,2007
2.31,77,,GUY,Guyana,2007
1.19,77,,HTI,Haiti,2007
2.31,77,,HND,Honduras,2007
1.19,77,,JAM,Jamaica,2007
2.31,77,,MEX,Mexico,2007
1.19,77,,NIC,Nicaragua,2007
2.31,77,,PAN,Panama,2007
1.19,77,,PRY,Paraguay,2007
2.31,77,,PER,Peru,2007
1.19,77,,KNA,Saint Kitts and Nevis,2007
2.31,77,,LCA,Saint Lucia,2007
1.19,77,,SUR,Suriname,2007
2.31,77,,TTO,Trinidad and Tobago,2007
1.19,77,,URY,Uruguay,2007
2.31,77,,VEN,Venezuela (Bolivarian Republic of),2007
1.26,77,,ARG,Argentina,2008
2.24,77,,BHS,Bahamas,2008
1.26,77,,BRB,Barbados,2008
2.24,77,,BLZ,Belize,2008
1.26,77,,BOL,Bolivia (Plurinational State of),2008
2.24,77,,BRA,Brazil,2008
1.26,77,,CHL,Chile,2008
2.24,77,,COL,Colombia,2008
1.26,77,,CRI,Costa Rica,2008
2.24,77,,CUB,Cuba,2008
1.26,77,,DOM,Dominican Republic,2008
2.24,77,,ECU,Ecuador,2008
1.26,77,,SLV,El Salvador,2008
2.24,77,,GUY,Guyana,2008
1.26,77,,HTI,Haiti,2008
2.24,77,,HND,Honduras,2008
1.26,77,,JAM,Jamaica,2008
2.24,77,,MEX,Mexico,2008
1.26,77,,NIC,Nicaragua,2008
2.24,77,,PAN,Panama,2008
1.26,77,,PRY,Paraguay,2008
2.24,77,,PER,Peru,2008
1.26,77,,KNA,Saint Kitts and Nevis,2008
2.24,77,,LCA,Saint Lucia,2008
1.26,77,,SUR,Suriname,2008
2.24,77,,TTO,Trinidad and Tobago,2008
1.26,77,,URY,Uruguay,2008
2.24,77,,VEN,Venezuela (Bolivarian Republic of),2008
1.36,77,,ARG,Argentina,2009
2.19,77,,BHS,Bahamas,2009
1.36,77,,BRB,Barbados,2009
2.19,77,,BLZ,Belize,2009
1.36,77,,BOL,Bolivia (Plurinational State of),2009
2.19,77,,BRA,Brazil,2009
1.36,77,,CHL,Chile,2009
2.19,77,,COL,Colombia,2009
1.36,77,,CRI,Costa Rica,2009
2.19,77,,CUB,Cuba,2009
1.36,77,,DOM,Dominican Republic,2009
2.19,77,,ECU,Ecuador,2009
1.36,77,,SLV,El Salvador,2009
2.19,77,,GUY,Guyana,2009
1.36,77,,HTI,Haiti,2009
2.19,77,,HND,Honduras,2009
1.36,77,,JAM,Jamaica,2009
2.19,77,,MEX,Mexico,2009
1.36,77,,NIC,Nicaragua,2009
2.19,77,,PAN,Panama,2009
1.36,77,,PRY,Paraguay,2009
2.19,77,,PER,Peru,2009
1.36,77,,KNA,Saint Kitts and Nevis,2009
2.19,77,,LCA,Saint Lucia,2009
1.36,77,,SUR,Suriname,2009
2.19,77,,TTO,Trinidad and Tobago,2009
1.36,77,,URY,Uruguay,2009
2.19,77,,VEN,Venezuela (Bolivarian Republic of),2009
1.32,77,,ARG,Argentina,2010
2.24,77,,BHS,Bahamas,2010
1.32,77,,BRB,Barbados,2010
2.24,77,,BLZ,Belize,2010
1.32,77,,BOL,Bolivia (Plurinational State of),2010
1.32,77,,PRY,Paraguay,2010
2.24,77,,PER,Peru,2010
1.32,77,,KNA,Saint Kitts and Nevis,2010
2.24,77,,LCA,Saint Lucia,2010
1.32,77,,SUR,Suriname,2010
2.24,77,,TTO,Trinidad and Tobago,2010
1.32,77,,URY,Uruguay,2010
2.24,77,,VEN,Venezuela (Bolivarian Republic of),2010
1.36,77,,ARG,Argentina,2011
2.25,77,,BHS,Bahamas,2011
1.36,77,,BRB,Barbados,2011
2.25,77,,BLZ,Belize,2011
1.36,77,,BOL,Bolivia (Plurinational State of),2011
2.25,77,,BRA,Brazil,2011
1.36,77,,CHL,Chile,2011
2.25,77,,COL,Colombia,2011
1.36,77,,CRI,Costa Rica,2011
2.25,77,,CUB,Cuba,2011
1.36,77,,DOM,Dominican Republic,2011
2.25,77,,ECU,Ecuador,2011
1.36,77,,SLV,El Salvador,2011
2.25,77,,GUY,Guyana,2011
1.36,77,,HTI,Haiti,2011
2.25,77,,HND,Honduras,2011
1.36,77,,JAM,Jamaica,2011
2.25,77,,MEX,Mexico,2011
1.36,77,,NIC,Nicaragua,2011
2.25,77,,PAN,Panama,2011
1.36,77,,PRY,Paraguay,2011
2.25,77,,PER,Peru,2011
1.36,77,,KNA,Saint Kitts and Nevis,2011
2.25,77,,LCA,Saint Lucia,2011
1.36,77,,SUR,Suriname,2011
2.25,77,,TTO,Trinidad and Tobago,2011
1.36,77,,URY,Uruguay,2011
2.25,77,,VEN,Venezuela (Bolivarian Republic of),2011
1.38,77,,ARG,Argentina,2012
2.23,77,,BHS,Bahamas,2012
1.38,77,,BRB,Barbados,2012
2.23,77,,BLZ,Belize,2012
1.38,77,,BOL,Bolivia (Plurinational State of),2012
2.23,77,,BRA,Brazil,2012
1.38,77,,CHL,Chile,2012
2.23,77,,COL,Colombia,2012
1.38,77,,CRI,Costa Rica,2012
2.23,77,,CUB,Cuba,2012
1.38,77,,DOM,Dominican Republic,2012
2.23,77,,ECU,Ecuador,2012
1.38,77,,SLV,El Salvador,2012
2.23,77,,GUY,Guyana,2012
1.38,77,,HTI,Haiti,2012
2.23,77,,HND,Honduras,2012
1.38,77,,JAM,Jamaica,2012
2.23,77,,MEX,Mexico,2012
1.38,77,,NIC,Nicaragua,2012
2.23,77,,PAN,Panama,2012
1.38,77,,PRY,Paraguay,2012
2.23,77,,PER,Peru,2012
1.38,77,,KNA,Saint Kitts and Nevis,2012
2.23,77,,LCA,Saint Lucia,2012
1.38,77,,SUR,Suriname,2012
2.23,77,,TTO,Trinidad and Tobago,2012
1.38,77,,URY,Uruguay,2012
2.23,77,,VEN,Venezuela (Bolivarian Republic of),2012
1.45,77,,ARG,Argentina,2013
2.23,77,,BHS,Bahamas,2013
1.45,77,,BRB,Barbados,2013
2.23,77,,BLZ,Belize,2013
1.45,77,,BOL,Bolivia (Plurinational State of),2013
2.23,77,,BRA,Brazil,2013
1.45,77,,CHL,Chile,2013
2.23,77,,COL,Colombia,2013
1.45,77,,CRI,Costa Rica,2013
2.23,77,,CUB,Cuba,2013
1.45,77,,DOM,Dominican Republic,2013
2.23,77,,ECU,Ecuador,2013
1.45,77,,SLV,El Salvador,2013
2.23,77,,GUY,Guyana,2013
1.45,77,,HTI,Haiti,2013
2.23,77,,HND,Honduras,2013
1.45,77,,JAM,Jamaica,2013
2.23,77,,MEX,Mexico,2013
1.45,77,,NIC,Nicaragua,2013
2.23,77,,PAN,Panama,2013
1.45,77,,PRY,Paraguay,2013
2.23,77,,PER,Peru,2013
1.45,77,,KNA,Saint Kitts and Nevis,2013
2.23,77,,LCA,Saint Lucia,2013
1.45,77,,SUR,Suriname,2013
2.23,77,,TTO,Trinidad and Tobago,2013
1.45,77,,URY,Uruguay,2013
2.23,77,,VEN,Venezuela (Bolivarian Republic of),2013
1.51,77,,ARG,Argentina,2014
2.21,77,,BHS,Bahamas,2014
1.51,77,,BRB,Barbados,2014
2.21,77,,BLZ,Belize,2014
1.51,77,,BOL,Bolivia (Plurinational State of),2014
2.21,77,,BRA,Brazil,2014
1.51,77,,CHL,Chile,2014
2.21,77,,COL,Colombia,2014
1.51,77,,CRI,Costa Rica,2014
2.21,77,,CUB,Cuba,2014
1.51,77,,DOM,Dominican Republic,2014
2.21,77,,ECU,Ecuador,2014
1.51,77,,SLV,El Salvador,2014
2.21,77,,GUY,Guyana,2014
1.51,77,,HTI,Haiti,2014
2.21,77,,HND,Honduras,2014
1.51,77,,JAM,Jamaica,2014
2.21,77,,MEX,Mexico,2014
1.51,77,,NIC,Nicaragua,2014
2.21,77,,PAN,Panama,2014
1.51,77,,PRY,Paraguay,2014
2.21,77,,PER,Peru,2014
1.51,77,,KNA,Saint Kitts and Nevis,2014
2.21,77,,LCA,Saint Lucia,2014
1.51,77,,SUR,Suriname,2014
2.21,77,,TTO,Trinidad and Tobago,2014
1.51,77,,URY,Uruguay,2014
2.21,77,,VEN,Venezuela (Bolivarian Republic of),2014
1.56,77,,ARG,Argentina,2015
2.27,77,,BHS,Bahamas,2015
1.56,77,,BRB,Barbados,2015
2.27,77,,BLZ,Belize,2015
1.56,77,,BOL,Bolivia (Plurinational State of),2015
2.27,77,,BRA,Brazil,2015
1.56,77,,CHL,Chile,2015
2.27,77,,COL,Colombia,2015
1.56,77,,CRI,Costa Rica,2015
2.27,77,,CUB,Cuba,2015
1.56,77,,DOM,Dominican Republic,2015
2.27,77,,ECU,Ecuador,2015
1.56,77,,SLV,El Salvador,2015
2.27,77,,GUY,Guyana,2015
1.56,77,,HTI,Haiti,2015
2.27,77,,HND,Honduras,2015
1.56,77,,JAM,Jamaica,2015
2.27,77,,MEX,Mexico,2015
1.56,77,,NIC,Nicaragua,2015
2.27,77,,PAN,Panama,2015
1.56,77,,PRY,Paraguay,2015
2.27,77,,PER,Peru,2015
1.56,77,,KNA,Saint Kitts and Nevis,2015
2.27,77,,LCA,Saint Lucia,2015
1.56,77,,SUR,Suriname,2015
2.27,77,,TTO,Trinidad and Tobago,2015
1.56,77,,URY,Uruguay,2015
2.27,77,,VEN,Venezuela (Bolivarian Republic of),2015
1.55,77,,ARG,Argentina,2016
2.36,77,,BHS,Bahamas,2016
1.55,77,,BRB,Barbados,2016
2.36,77,,BLZ,Belize,2016
1.55,77,,BOL,Bolivia (Plurinational State of),2016
2.36,77,,BRA,Brazil,2016
1.55,77,,CHL,Chile,2016
2.36,77,,COL,Colombia,2016
1.55,77,,CRI,Costa Rica,2016
2.36,77,,CUB,Cuba,2016
1.55,77,,DOM,Dominican Republic,2016
2.36,77,,ECU,Ecuador,2016
1.55,77,,SLV,El Salvador,2016
2.36,77,,GUY,Guyana,2016
1.55,77,,HTI,Haiti,2016
2.36,77,,HND,Honduras,2016
1.55,77,,JAM,Jamaica,2016
2.36,77,,MEX,Mexico,2016
1.55,77,,NIC,Nicaragua,2016
2.36,77,,PAN,Panama,2016
1.55,77,,PRY,Paraguay,2016
2.36,77,,PER,Peru,2016
1.55,77,,KNA,Saint Kitts and Nevis,2016
2.36,77,,LCA,Saint Lucia,2016
1.55,77,,SUR,Suriname,2016
2.36,77,,TTO,Trinidad and Tobago,2016
1.55,77,,URY,Uruguay,2016
2.36,77,,VEN,Venezuela (Bolivarian Republic of),2016
1.66,77,,ARG,Argentina,2017
2.37,77,,BHS,Bahamas,2017
1.66,77,,BRB,Barbados,2017
2.37,77,,BLZ,Belize,2017
1.66,77,,BOL,Bolivia (Plurinational State of),2017
2.37,77,,BRA,Brazil,2017
1.66,77,,CHL,Chile,2017
2.37,77,,COL,Colombia,2017
1.66,77,,CRI,Costa Rica,2017
2.37,77,,CUB,Cuba,2017
1.66,77,,DOM,Dominican Republic,2017
2.37,77,,ECU,Ecuador,2017
1.66,77,,SLV,El Salvador,2017
2.37,77,,GUY,Guyana,2017
1.66,77,,HTI,Haiti,2017
2.37,77,,HND,Honduras,2017
1.66,77,,JAM,Jamaica,2017
2.37,77,,MEX,Mexico,2017
1.66,77,,NIC,Nicaragua,2017
2.37,77,,PAN,Panama,2017
1.66,77,,PRY,Paraguay,2017
2.37,77,,PER,Peru,2017
1.66,77,,KNA,Saint Kitts and Nevis,2017
2.37,77,,LCA,Saint Lucia,2017
1.66,77,,SUR,Suriname,2017
2.37,77,,TTO,Trinidad and Tobago,2017
1.66,77,,URY,Uruguay,2017
2.37,77,,VEN,Venezuela (Bolivarian Republic of),2017
1.83,77,,ARG,Argentina,2018
2.35,77,,BHS,Bahamas,2018
1.83,77,,BRB,Barbados,2018
2.35,77,,BLZ,Belize,2018
1.83,77,,BOL,Bolivia (Plurinational State of),2018
2.35,77,,BRA,Brazil,2018
1.83,77,,CHL,Chile,2018
2.35,77,,COL,Colombia,2018
1.83,77,,CRI,Costa Rica,2018
2.35,77,,CUB,Cuba,2018
1.83,77,,DOM,Dominican Republic,2018
2.35,77,,ECU,Ecuador,2018
1.83,77,,SLV,El Salvador,2018
2.35,77,,GUY,Guyana,2018
1.83,77,,HTI,Haiti,2018
2.35,77,,HND,Honduras,2018
1.83,77,,JAM,Jamaica,2018
2.35,77,,MEX,Mexico,2018
1.83,77,,NIC,Nicaragua,2018
2.35,77,,PAN,Panama,2018
1.83,77,,PRY,Paraguay,2018
2.35,77,,PER,Peru,2018
1.83,77,,KNA,Saint Kitts and Nevis,2018
2.35,77,,LCA,Saint Lucia,2018
1.83,77,,SUR,Suriname,2018
2.35,77,,TTO,Trinidad and Tobago,2018
1.83,77,,URY,Uruguay,2018
2.35,77,,VEN,Venezuela (Bolivarian Republic of),2018
1.95,77,,ARG,Argentina,2019
2.43,77,,BHS,Bahamas,2019
1.95,77,,BRB,Barbados,2019
2.43,77,,BLZ,Belize,2019
1.95,77,,BOL,Bolivia (Plurinational State of),2019
2.43,77,,BRA,Brazil,2019
1.95,77,,CHL,Chile,2019
2.43,77,,COL,Colombia,2019
1.95,77,,CRI,Costa Rica,2019
2.43,77,,CUB,Cuba,2019
1.95,77,,DOM,Dominican Republic,2019
2.43,77,,ECU,Ecuador,2019
1.95,77,,SLV,El Salvador,2019
2.43,77,,GUY,Guyana,2019
1.95,77,,HTI,Haiti,2019
2.43,77,,HND,Honduras,2019
1.95,77,,JAM,Jamaica,2019
2.43,77,,MEX,Mexico,2019
1.95,77,,NIC,Nicaragua,2019
2.43,77,,PAN,Panama,2019
1.95,77,,PRY,Paraguay,2019
2.43,77,,PER,Peru,2019
1.95,77,,KNA,Saint Kitts and Nevis,2019
2.43,77,,LCA,Saint Lucia,2019
1.95,77,,SUR,Suriname,2019
2.43,77,,TTO,Trinidad and Tobago,2019
1.95,77,,URY,Uruguay,2019
2.43,77,,VEN,Venezuela (Bolivarian Republic of),2019
2.0,77,,ARG,Argentina,2020
2.49,77,,BHS,Bahamas,2020
2.0,77,,BRB,Barbados,2020
2.49,77,,BLZ,Belize,2020
2.0,77,,BOL,Bolivia (Plurinational State of),2020
2.49,77,,BRA,Brazil,2020
2.0,77,,CHL,Chile,2020
2.49,77,,COL,Colombia,2020
2.0,77,,CRI,Costa Rica,2020
2.49,77,,CUB,Cuba,2020
2.0,77,,DOM,Dominican Republic,2020
2.49,77,,ECU,Ecuador,2020
2.0,77,,SLV,El Salvador,2020
2.49,77,,GUY,Guyana,2020
2.0,77,,HTI,Haiti,2020
2.49,77,,HND,Honduras,2020
2.0,77,,JAM,Jamaica,2020
2.49,77,,MEX,Mexico,2020
2.0,77,,NIC,Nicaragua,2020
2.49,77,,PAN,Panama,2020
2.0,77,,PRY,Paraguay,2020
2.49,77,,PER,Peru,2020
2.0,77,,KNA,Saint Kitts and Nevis,2020
2.49,77,,LCA,Saint Lucia,2020
2.0,77,,SUR,Suriname,2020
2.49,77,,TTO,Trinidad and Tobago,2020
2.0,77,,URY,Uruguay,2020
2.49,77,,VEN,Venezuela (Bolivarian Republic of),2020
1.96,77,,ARG,Argentina,2021
2.48,77,,BHS,Bahamas,2021
1.96,77,,BRB,Barbados,2021
2.48,77,,BLZ,Belize,2021
1.96,77,,BOL,Bolivia (Plurinational State of),2021
2.48,77,,BRA,Brazil,2021
1.96,77,,CHL,Chile,2021
2.48,77,,COL,Colombia,2021
1.96,77,,CRI,Costa Rica,2021
2.48,77,,CUB,Cuba,2021
1.96,77,,DOM,Dominican Republic,2021
2.48,77,,ECU,Ecuador,2021
1.96,77,,SLV,El Salvador,2021
2.48,77,,GUY,Guyana,2021
1.96,77,,HTI,Haiti,2021
2.48,77,,HND,Honduras,2021
1.96,77,,JAM,Jamaica,2021
2.48,77,,MEX,Mexico,2021
1.96,77,,NIC,Nicaragua,2021
2.48,77,,PAN,Panama,2021
1.96,77,,PRY,Paraguay,2021
2.48,77,,PER,Peru,2021
1.96,77,,KNA,Saint Kitts and Nevis,2021
2.48,77,,LCA,Saint Lucia,2021
1.96,77,,SUR,Suriname,2021
2.48,77,,TTO,Trinidad and Tobago,2021
1.96,77,,URY,Uruguay,2021
2.48,77,,VEN,Venezuela (Bolivarian Republic of),2021
2.01,77,,ARG,Argentina,2022
2.58,77,,BHS,Bahamas,2022
2.01,77,,BRB,Barbados,2022
2.58,77,,BLZ,Belize,2022
2.01,77,,BOL,Bolivia (Plurinational State of),2022
2.58,77,,BRA,Brazil,2022
2.01,77,,CHL,Chile,2022
2.58,77,,COL,Colombia,2022
2.01,77,,CRI,Costa Rica,2022
2.58,77,,CUB,Cuba,2022
2.01,77,,DOM,Dominican Republic,2022
2.58,77,,ECU,Ecuador,2022
2.01,77,,SLV,El Salvador,2022
2.58,77,,GUY,Guyana,2022
2.01,77,,HTI,Haiti,2022
2.58,77,,HND,Honduras,2022
2.01,77,,JAM,Jamaica,2022
2.58,77,,MEX,Mexico,2022
2.01,77,,NIC,Nicaragua,2022
2.58,77,,PAN,Panama,2022
2.01,77,,PRY,Paraguay,2022
2.58,77,,PER,Peru,2022
2.01,77,,KNA,Saint Kitts and Nevis,2022
2.58,77,,LCA,Saint Lucia,2022
2.01,77,,SUR,Suriname,2022
2.58,77,,TTO,Trinidad and Tobago,2022
2.01,77,,URY,Uruguay,2022
2.58,77,,VEN,Venezuela (Bolivarian Republic of),2022
